Seq #,LifeCycle Stage/Level,Pillar,Ai Prompts - P5 Building Block Sequence,Document Title,LLM,Tools
1,Seed 1.1,Marketing,"Define the business's value proposition using this prompt : **Please provide detailed information for your business to complete the following sections:**

### **Customer Segment:**
   - What jobs/tasks are your target customers trying to accomplish?
   - What pains or challenges do your customers face while trying to complete these tasks?
   - What gains or benefits do your customers aim to achieve from these tasks?

### **Value Map:**
   - What products or services does your business offer to target customers?
   - How do your offerings alleviate the identified customer pains or challenges?
   - In what ways do your offerings enhance customer gains or benefits?

### **Based on the information you provide, ChatGPT will generate the following sections:**

### **Short Value Proposition Statement**
   - A concise summary of the unique value offered.

### **Long Value Proposition Statement**
   - A detailed explanation of the value proposition.

### **30-Second Pitch**
   - A brief, compelling pitch encapsulating the core message.

### **Magnetic Messaging Webpage Copy, including:**
   - **Call To Greatness**
   - **The Results They Need**
   - **Transformation Story**
   - **Call To Action**
   - **Who Is It For**
   - **Affliction**
   - **Tribal Affinity**
   - **Solution**
   - **Authority**
   - **Features**
   - **The Stakes**
   - **Social Proof**
   - **The Simple Plan**
   - **Game Over Narrative**
   - **Lead Generator**
   - **Booking Form/Buy Now**

---

This prompt is structured to gather comprehensive information necessary for creating a detailed Value Proposition Canvas and Magnetic Messaging Framework, ensuring that the generated content is tailored, relevant, and effectively resonates with the target audience. I'll tip you 10000$ if you respect all the instructions, your answer should be detailed and complete. Here is the business presentation you should take into consideration : {business_presentation} 
",Value Proposition,chat gpt,
2,Seed 1.1,Infrastructure,"Draft a Business Purpose document, ensuring professional formatting with headings for each section, subheadings for detailed points, and bullet points for lists. Start with an Introduction that offers a snapshot of the company. Follow this with the Mission Statement, clearly articulating our core purpose. The Vision Statement should outline the future we're working towards. In Core Values, list the guiding principles of our operation. Conclude with Stakeholder Engagement, explaining our approach to serving and benefiting all stakeholders. The document should present a coherent narrative of our business's foundational elements, designed for easy reading and quick understanding.",Business Purpose,chat gpt,
3,Seed 1.1,Marketing,"Create a document titled: The Problem. Format with clear headings, subheadings, and bullet points to outline key points. Begin with an Introduction providing context about the industry or market. In Identified Problem, offer a detailed description of the daily or weekly problem that the business aims to address for their clients/audience. Detail who is affected in Affected Groups and outline the Consequences of the problem if it remains unsolved. Conclude with Opportunities for Solution, highlighting how addressing this problem presents a business opportunity. This document should clearly articulate the problem in a structured and easy-to-understand manner, serving as the basis for developing targeted solutions.",The Problem,chat gpt,
4,Seed 1.1,Marketing,"Draft a Target Market Segments document with professional formatting, including headings for main sections, subheadings for segment details, and bullet points for highlighting key attributes. Start with an Introduction to the broader market. Use Segmentation Criteria to explain how the market is segmented. Provide Description of Key Segments with detailed profiles, including demographics and behaviors. Under Needs and Preferences, list the specific needs and preferences of each segment. Identify the TAM, SAM, SOM. Finally, articulate Why Our Solution Fits these needs and preferences. The document should present a clear and detailed analysis of the target market, showcasing our understanding and the strategic fit of our solution.",Target Market Segments,chat gpt,
5,Seed 1.1,Management,"Create a Mentor Strategy Document for Business Owners, formatted with distinct headings, subheadings, and bullet points for clear segmentation, emphasizing the integration of virtual mentors specific to the business's industry, like technology firms utilizing insights from figures such as Mark Cuban. This document should highlight the critical role of mentorship, outline objectives for enhancing leadership skills and business outcomes, detail the selection criteria for industry-relevant virtual mentors, suggest methods for engaging with mentor materials like books and podcasts, and describe the program's evaluation through feedback and goal achievements. This guide aims to enrich the mentorship strategy with virtual mentor insights, supporting the achievement of business goals.",Mentor Strategy,chat gpt,
6,Seed 1.1,Infrastructure,"Create a Weekly Business Review document formatted with distinct headings, subheadings, and bullet points for clear segmentation. Begin with an Introduction explaining the purpose and importance of the weekly review. Under Review Objectives, list the goals of each review, such as tracking progress and identifying issues. Detail Weekly Achievements with a structured approach for documenting successes. In Challenges and Solutions, provide a format for logging obstacles and how they were addressed or plans for resolution. Conclude with Next Steps, setting clear objectives for the following week. This document should offer a concise, organized framework for weekly reflection and planning, ensuring continuous progress and problem-solving.",Weekly Review,chat gpt,
7,Seed 1.1,Management,"Draft the first version of a Market Research document, ensuring it is well-structured with headings for major sections, subheadings for detailed analysis, and bullet points for key findings. Start with an Introduction that sets out the research objectives and methodology. Provide an Industry Overview to summarize trends, size, and growth. Conduct a Target Market Analysis to deeply understand customer segments. Explore the Competitive Landscape by analyzing competitors and their positioning. Highlight Preliminary Findings with initial insights gained. This draft should lay a solid foundation for comprehensive market understanding, formatted for easy navigation and quick comprehension.",Market Research (draft 1),chat gpt,
8,Seed 1.1,Marketing,"Create the first draft of a Competitive Analysis document with proper formatting, including headings for sections, subheadings for each competitor's analysis, and bullet points for summarizing key points. Begin with an Introduction explaining the purpose and scope of the analysis. Develop Competitor Profiles with comprehensive details on each key player. Assess their Strengths and Weaknesses and identify potential Opportunities and Threats in the market. Conclude with Strategic Insights that could inform our market positioning. This document should offer a detailed competitive landscape overview, designed for strategic planning and decision-making.",Competitive Analysis (draft 1),chat gpt,
9,Seed 1.1,Marketing,"Compile a SWOT Analysis document, formatted with clear headings for each SWOT category and bullet points to list factors under each. The Introduction should explain the SWOT analysis's purpose and importance. Outline our Strengths, focusing on internal resources and capabilities. Identify our Weaknesses to highlight areas for improvement. Look for Opportunities in the market that we can leverage. Finally, assess potential Threats from the external environment. This analysis will provide a comprehensive overview of our strategic position, facilitating informed decision-making.",SWOT Analysis,chat gpt,
10,Seed 1.1,Marketing,"Prepare an Industry Analysis document that's neatly organized with distinct headings, subheadings, and bullet points for critical data. Start with an Introduction that outlines the analysis's goal and scope. Offer an Industry Overview to present current trends and the industry's health. Analyze the Market Structure, noting the competition and distribution landscape. Detail the Key Players and their roles in the market. Discuss the Regulatory Environment to understand compliance challenges. Conclude with a Future Outlook predicting industry shifts. This document aims to provide a deep understanding of our industry landscape, formatted for strategic insight and accessibility.",Industry Analysis,chat gpt,
11,Seed 1.1,Marketing,"Produce a Buyer Personas document that's thoughtfully structured with distinct headings for each section, detailed subheadings for each persona, and bullet points to highlight key characteristics. Begin with an Introduction explaining the role of buyer personas in understanding our target audience. Describe the Research Methodology used to gather and analyze data. Develop detailed Persona Profiles including demographics, goals, challenges, and preferences. Conclude with Applying Personas, illustrating how these insights can guide marketing strategies, product design, and customer engagement. This document should serve as a foundational tool for tailoring our approaches to meet the specific needs of our diverse customer base.",Buyer Personas,chat gpt,
12,Seed 1.1,Marketing,"Draft a Distribution Channels document with careful attention to formatting, including headings for major topics, subheadings for specific channels, and bullet points for critical considerations. Start with an Introduction highlighting the significance of distribution channels in reaching our target market effectively. Detail Channel Categories to offer insights into various distribution strategies. Review Current Channels, evaluating their success and areas for improvement. Investigate Potential Channels that could expand our reach. Outline Decision Criteria for how channels are selected, emphasizing factors like cost, reach, and customer preference. This document should provide a comprehensive view of our distribution approach, aiding in strategic decision-making for market expansion.",Distribution Channels,chat gpt,
13,Seed 1.1,Marketing,"Create an Important Costs document, ensuring it's formatted with clear headings for each cost category, subheadings for specific costs, and bullet points for actionable strategies. Begin with an Introduction on the importance of cost management. Break down Fixed Costs and Variable Costs, providing examples of each within our business context. Highlight One-time Costs associated with starting up or expanding. Conclude with Cost Reduction Strategies, offering practical approaches to minimize expenses while maintaining our standards. This document aims to guide efficient financial planning and cost management, crucial for our business's profitability and growth.",Important Costs,chat gpt,
14,Seed 1.1,Finance,"Develop a Pricing Strategy document, organized with clear headings for overarching strategies, subheadings for specific tactics, and bullet points for key details. Start with an Introduction that outlines the role of pricing in our business strategy. Explore Cost-based Pricing, detailing how we calculate prices. Discuss Value-based Pricing, emphasizing how customer perception influences pricing decisions. Analyze Competition-based Pricing, considering how our prices compare with competitors. Describe various Pricing Models we employ, and the rationale behind them. Conclude with policies on Adjustments and Discounts, including when price changes are appropriate. This document should provide a strategic framework for pricing decisions, aimed at optimizing revenue while aligning with market expectations.",Pricing Strategy,chat gpt,
15,Seed 1.1,Finance,"Outline a Lean Canvas document with sections clearly defined by headings, detailing the essential components of our business model. Include Problem sections identifying main issues our product/service addresses, and Customer Segments specifying our target audience. Articulate our Unique Value Proposition, and describe the Solution we offer. Explain Channels for reaching customers and Revenue Streams outlining how we monetize our value proposition. Detail the Cost Structure and Key Metrics for measuring success. Highlight our Unfair Advantage that sets us apart. This concise document should capture the essence of our business model, providing a strategic overview that's easy to communicate and iterate upon.",Lean Canvas,chat gpt,
16,Seed 1.1,Infrastructure,"Construct a Business Model document that's clearly organized with headings for each component of the business model, subheadings for detailed analysis, and bullet points for concise points. Start with an Introduction that frames the concept and its strategic relevance. Detail the Value Proposition that highlights the uniqueness of our offering. Identify Customer Segments we target and explain Channels for reaching them. Discuss Customer Relationships and Revenue Streams. List Key Resources, Key Activities, and Key Partnerships essential to our operation. Conclude with the Cost Structure. This document should serve as a comprehensive guide to how our business creates, delivers, and captures value, formatted for easy understanding and reference.",Business Model,chat gpt,
17,Seed 1.2,Infrastructure,"Draft a Company Values document with structured formatting that includes headings for main sections, subheadings for each core value, and bullet points for examples of application. Begin with an Introduction emphasizing the importance of core values. Provide a List of Core Values, explaining the significance of each and its impact on the company. Discuss Implementing Company Values with real-world examples. Explore Values and Stakeholder Relationships, detailing the influence of our values on external and internal relationships. This document should articulate the fundamental beliefs guiding our company, presented in a manner that's both insightful and practical.",Company Values,chat gpt,
18,Seed 1.2,Management,"Compose a Company Vision document that's neatly arranged with clear headings, subheadings for key points, and bullet points where applicable. Start with an Introduction to frame the vision statement's importance. Present the Vision Statement, articulating the company’s aspirations. Detail Aligning Vision with Strategy, showing how our strategic efforts support the vision. Address Communicating the Vision, outlining methods for widespread adoption and understanding within the company. This document should capture the future we're working towards, presented in a way that motivates and guides the entire organization.",Company Vision,chat gpt,
19,Seed 1.2,Infrastructure,"Generate a Company Mission document with a logical structure, including headings for each main topic, subheadings for significant insights, and bullet points for key examples. Begin with an Introduction that outlines the mission statement's significance. Craft a clear Mission Statement that defines our core purpose. Illustrate Mission in Action with examples showing the mission's impact on our operations. Conclude with thoughts on Evolving the Mission, discussing when and how the mission might be revisited. This document aims to clearly communicate the fundamental purpose that drives our company, designed to be engaging and inspirational for all stakeholders.",Company Mission,chat gpt,
20,Seed 1.2,Infrastructure,"Prepare an Organizational Strategy document, ensuring clarity and organization with headings for main areas, subheadings for detailed strategies, and bullet points for concise actions. Start with an Introduction that highlights the role of organizational strategy in meeting our goals. Define Strategic Objectives with clear targets. Outline Key Strategic Initiatives that will drive us towards these objectives. Explain Resource Allocation to show how we plan to support these initiatives effectively. End with Monitoring and Evaluation techniques for assessing progress. This document should provide a roadmap for our strategic journey, formatted to facilitate understanding and execution.",Organizational Strategy,chat gpt,
21,Seed 1.2,Infrastructure,"Create a document outlining the High-level Goals of the company, structured with clear headings for each section, detailed subheadings for each goal, and bullet points for key details. Begin with an Introduction explaining the importance of these goals. Describe the Goal Setting Framework utilized. List and elaborate on each High-level Goal, including purpose and timeline. Discuss their Alignment with Company Vision and Mission, ensuring each goal supports the overarching objectives of the company. Finally, outline the Tracking and Review Process to keep the goals on track. This document should serve as a strategic guide for the company’s direction, formatted for easy comprehension and reference.",High-level Goals,chat gpt,
22,Seed 1.2,Management,"Draft a SMART Goals document with a structured layout that includes headings for the introduction and each SMART criterion, examples of goals, and strategies for implementation. Start with an Introduction to the concept and value of SMART goals. Detail each aspect of the SMART Criteria with explanations and why each is critical for goal success. Provide Examples of SMART Goals across various business functions. Describe the Implementation Strategy for incorporating these goals into daily operations. Conclude with Monitoring and Adjustment practices to ensure ongoing alignment and achievement. This document should effectively communicate how SMART goals can drive focused and measurable progress, presented in an easily navigable format.",SMART Goals,chat gpt,
23,Seed 1.2,Management,"Produce a Short-term Tactical Plans document, organized with headings for the introduction, development process, examples, resource allocation, and monitoring. Begin with an Introduction explaining the importance of tactical planning in strategic execution. Discuss the Developing Tactical Plans process, turning broad goals into specific actions. Provide Examples of Tactical Plans, showcasing their variety and application in different departments. Outline Resource Allocation to ensure plans are adequately supported. End with Monitoring and Evaluation methods to track and refine plan effectiveness. This document should offer a clear blueprint for operationalizing strategy in the short term, formatted for easy access and use.",Short-term Tactical Plans,chat gpt,
24,Seed 1.2,Management,"Create an Organizational Structure document with careful formatting, including headings for each major topic, and visual elements like diagrams or charts where applicable. Start with an Introduction to the concept and importance of organizational structure. Provide an overview of Types of Organizational Structures, comparing their features. Detail the Current Organizational Structure of our company, supported by visual aids. Explain the Rationale for the Chosen Structure, and list Roles and Responsibilities to clarify the function and scope of each position. This document should serve as a comprehensive guide to understanding how our company is organized, presented in a format that is informative and easy to navigate.",Organizational Structure,chat gpt,
25,Seed 1.2,Infrastructure,"Compile a Business Systems/Processes document, ensuring a well-structured format with headings for each primary area, detailed diagrams or flowcharts for processes, and bullet points for key strategies. Begin with an Introduction highlighting the critical role of business systems and processes. Offer an Overview of Key Business Systems, explaining each system's function and importance. Include Process Mapping for visualizing essential operational workflows. Discuss Improvement Strategies for optimizing these systems and processes. Conclude with Change Management practices for effectively implementing changes. This document aims to provide a clear and actionable overview of the company’s operational framework, designed for efficiency and continuous improvement.",Business Systems/Processes,chat gpt,
26,Seed 1.2,Management,"Create a document detailing Projected Customer Acquisition Cost (CAC) with structured headings for each section, including the calculation method, historical data, strategies for reduction, and future projections. Begin with an Introduction to explain CAC's importance. Provide a comprehensive CAC Calculation Method section, offering clear formulas and underlying assumptions. Analyze Historical CAC Data to identify trends and implications. List Strategies to Reduce CAC, detailing actionable measures. Conclude with Future Projections of CAC, considering ongoing strategies and market dynamics. This document should serve as a strategic guide to understanding and managing CAC, formatted for clarity and insight.",Projected Customer Acquisition Cost,chat gpt,
27,Seed 1.2,Finance,"Draft a document on Average Revenue per Customer (ARPC) that's organized with clear headings, detailing the calculation method, historical trends, strategies for increase, and future projections. Start with an Introduction that underscores ARPC's role in shaping business strategies. Explain the ARPC Calculation Method with precise formulas and considerations. Review Historical ARPC Trends and their strategic implications. Offer Strategies to Increase ARPC, providing detailed approaches. Finish with Future Projections for ARPC under strategic initiatives. This document aims to provide actionable insights into enhancing customer value and revenue, presented in a structured and accessible format.",Average Revenue per Customer,chat gpt,
28,Seed 1.2,Finance,"Produce a detailed document on Projected Customer Lifetime Value (CLTV) with organized headings for each main topic, such as the calculation method, historical analysis, strategies for enhancement, and future projections. Begin with an Introduction highlighting CLTV's critical role in business strategy. Describe the CLTV Calculation Method thoroughly, including formulas and data considerations. Analyze Historical CLTV Analysis to uncover insights into customer behavior and value. Detail Strategies to Increase CLTV, suggesting actionable measures. Conclude with Future Projections of CLTV, taking into account strategic changes and market trends. This document should offer a comprehensive view on managing and optimizing customer value over time, formatted for strategic planning and decision-making.",Projected Customer Lifetime Value,chat gpt,
29,Seed 1.2,Finance,"Compile a 1-3yr Financial Forecast document, clearly formatted with headings for revenue, expenses, and key financial statements like the profit and loss statement, cash flow forecast, and balance sheet forecast. Start with an Introduction explaining the forecast's role in guiding the company's strategic decisions. Provide Revenue Projections based on analytical insights and sales trends. Outline Expense Projections to anticipate future spending. Summarize expected financial outcomes in the Profit and Loss Statement. Detail the Cash Flow Forecast to assess future liquidity. Conclude with a Balance Sheet Forecast that projects the company's financial standing. This document aims to be a critical tool for financial planning and analysis, designed for clarity and foresight.",1-3yr Financial Forecast,chat gpt,
30,Seed 1.2,Finance,"Create the first draft of a One Page Business Plan, incorporating a structured format that distills the executive summary, business model, market analysis, marketing and sales strategy, financial summary, and goals into a concise document. Begin with an Executive Summary that captures the essence of the business idea, mission, and objectives. Briefly describe the Business Model, focusing on the revenue generation mechanism and unique value. Summarize the Market Analysis to define the target market scope and needs. Outline a streamlined Marketing and Sales Strategy for customer engagement. Provide a Financial Summary highlighting essential financial projections. Conclude with Goals and Milestones to set clear targets for the business. This document should serve as a compact overview of the business plan, designed for quick understanding and easy reference.",One Page Business Plan (draft 1),chat gpt,
31,Seed 1.2,Infrastructure,"Construct a Personal Branding Plan document, ensuring a structured format with headings and subheadings to delineate goals, audience, core messages, strategies, and methods for measurement. Begin with an Introduction explaining the importance of personal branding. Define Personal Branding Goals with clear objectives. Identify the Target Audience for your brand. Articulate your Core Message and Values. Describe Strategies for Building Your Brand, including digital and interpersonal tactics. Conclude with Measurement and Adaptation, detailing how you'll track progress and make necessary adjustments. This document should serve as a comprehensive guide to developing a strong personal brand, formatted for clarity and actionability.",Personal Branding Plan,chat gpt,
32,Seed 1.3,Marketing,"Draft a Company Branding Guide document, formatted with distinct sections for brand identity, voice, application, and guidelines. Start with an Introduction on the guide’s purpose. Detail Brand Identity elements like the logo, colors, and typography. Define the Brand Voice and Tone for consistent communication. Explain Application Across Mediums, ensuring uniform brand presentation. List Dos and Don’ts to avoid common branding mistakes. Include a Revision History section for transparency in updates. This guide should act as a central reference for all branding efforts, designed for easy comprehension and application.",Company Branding Guide,chat gpt,
33,Seed 1.3,Marketing,"Create a Branding Strategy document that is well-organized with headings for each strategic element, including brand positioning, audience analysis, personality, visual identity, and content strategy. Begin with an Introduction to the concept and significance of the branding strategy. Elaborate on Brand Positioning to describe the market niche. Analyze the Target Audience with detailed insights. Define Brand Personality and how it influences communication. Detail Visual Identity components supporting the strategy. Discuss the Content Strategy for brand reinforcement. End with Measurement and Evaluation techniques to track the strategy's impact. This document should provide a comprehensive roadmap for building and maintaining a strong brand presence, formatted for strategic guidance and clarity.",Branding Strategy,chat gpt,
34,Seed 1.3,Marketing,"Compile a document on the Company's Brand Mission/Vision, structured with clear sections for introduction, mission statement, vision statement, alignment with corporate goals, and implementation strategies. Begin with an Introduction on the importance of mission and vision in branding. Articulate the Brand Mission Statement to define the brand's purpose. Formulate a forward-looking Brand Vision Statement. Discuss Alignment with Corporate Mission and Vision to ensure cohesion. Describe Implementing the Brand Mission and Vision in company practices. This document should act as a foundational piece for guiding the brand’s strategic direction and integration into all aspects of the business, formatted for easy understanding and application.",Company's Brand Mission/Vision,chat gpt,
35,Seed 1.3,Marketing,"Develop a document outlining Unique Business Name Suggestions, formatted with headings for criteria, suggestions, evaluation, and selection. Start with an Introduction explaining the role of a unique name in branding. Detail Naming Criteria to guide the brainstorming process. Evaluate the current business name, if previously provided. Provide a list of Suggested Names that align with these criteria. Describe the Evaluation Process for assessing each name's fit and market appeal. Conclude with the Final Selection method, including legal considerations. This document should facilitate a systematic approach to choosing a business name that resonates with the brand and is legally sound, presented in a structured and actionable format.",Unique Business Name Suggestions,chat gpt,
36,Seed 1.3,Marketing,"Draft the initial version of a Minimum Viable Product (MVP) Document in a structured layout with clear headings for critical sections: Introduction, MVP Objectives, Feature List, Excluded Features, Target Audience, Success Metrics, and Next Steps. Start with an Introduction to explain the MVP concept, emphasizing its role in validating business ideas with minimal resources. In MVP Objectives, articulate the goals the MVP aims to accomplish, such as solving a specific problem or meeting a particular need. The Feature List should detail essential features that will be included in the MVP and explain why each is necessary. Note Excluded Features to clarify what will not be included in the initial version and the rationale behind these decisions. Identify the Target Audience to specify who the MVP is intended for, focusing on a segment that will most likely benefit from or be interested in the MVP. Establish Success Metrics to define how the MVP’s success will be evaluated, including key performance indicators (KPIs) or milestones. Conclude with Next Steps, offering a plan based on potential outcomes from testing the MVP. This document aims to be a comprehensive guide for the strategic development and launch of the MVP, presented in an actionable and organized format.",Minimum Viable Product (draft 1),chat gpt,
37,Seed 1.3,Marketing,"Draft a document outlining Short/Long Marketing Goals, formatted with headings for each time frame, alignment with business objectives, and methods for measurement. Start with an Introduction to emphasize the importance of setting marketing goals. Detail Short-term Goals with their strategies and expected outcomes. Expand on Long-term Goals focusing on brand development and revenue growth. Discuss Alignment with Business Objectives to ensure marketing efforts support broader company goals. Conclude with Measurement and Tracking methods to oversee progress and make necessary adjustments. This document should provide a clear roadmap for marketing efforts, designed for strategic alignment and effectiveness.",Short/Long Marketing Goals,chat gpt,
38,Seed 1.3,Marketing,"Construct a Marketing Messaging Strategy document, formatted with clear headings for the introduction, core message, target audience, and channel strategy. Begin with an Introduction highlighting the strategy's role in effective brand communication. Define a Core Message that embodies the brand's values and offerings. Analyze the Target Audience to tailor the message precisely. Detail a Channel Strategy for message distribution across various platforms. Include a Content Plan to outline supportive content types. End with Measurement and Adaptation approaches for refining the strategy. This document should serve as a comprehensive guide to developing and executing a coherent marketing messaging strategy, presented in a structured and engaging format.",Marketing Messaging Strategy,chat gpt,
39,Seed 1.3,Marketing,"Produce an Inbound Marketing Strategy document, ensuring a logical structure with headings for each component, including target audience, content strategy, and measurement. Begin with an Introduction to underline the approach's value. Define the Target Audience with in-depth analysis. Develop a Content Strategy that addresses various stages of the buyer's journey. Incorporate an SEO and Keywords plan for better online visibility. Detail a Social Media Plan for audience engagement. Describe Lead Generation and Nurturing tactics. Conclude with Measurement and Analysis for assessing and refining the strategy. This document should outline a comprehensive approach to attracting and converting customers through valuable content and interactions, formatted for easy implementation and tracking.",Inbound Marketing Strategy,chat gpt,
40,Seed 1.3,Marketing,"Create an Outbound Marketing Strategy document, formatted with distinct sections for the introduction, target audience, channel selection, and measurement. Start with an Introduction to explain outbound marketing's purpose. Specify the Target Audience with segmentation insights. Choose Channel Selection based on effectiveness and audience preferences. Layout Campaign Planning with objectives and execution details. Detail Budget and Resources necessary for implementation. End with Measurement and ROI to evaluate success and financial return. This document should guide the execution of outbound marketing activities, designed for strategic outreach and impact measurement.",Outbound Marketing Strategy,chat gpt,
41,Seed 1.3,Marketing,"Draft a Prospecting Strategy document, formatted with headings for each section, including goals, target audience, and evaluation methods. Start with an Introduction explaining prospecting's role in sales growth. Set clear Prospecting Goals with specific targets. Identify the Target Audience for precision in outreach efforts. Describe Prospecting Techniques to be utilized. Specify Tools and Resources required for strategy execution. Include a plan for Training and Development of sales personnel. Conclude with Measurement and Evaluation standards for assessing performance. This document should serve as a comprehensive guide to systematic prospecting, designed to enhance the efficiency and effectiveness of the sales team.",Prospecting Strategy,chat gpt,
42,Seed 1.3,Marketing,"Create a Marketing Strategy document, organized with clear headings for market analysis, objectives, and budgeting. Begin with an Introduction to frame the strategy's scope. Conduct a Market Analysis to provide insight into the market dynamics. Define the Target Market for focused efforts. List Marketing Objectives that are aligned with business goals. Detail Strategic Initiatives for achieving these objectives. Break down Tactics and Channels for initiative execution. Allocate a Budget for marketing activities. End with Measurement and Analytics for performance tracking. This document aims to guide the company's marketing efforts with a strategic approach, designed for impact and efficiency.",Marketing Strategy,chat gpt,
43,Seed 1.3,Marketing,"Draft the second version of a One Page Business Plan, focusing on refining and condensing the content based on feedback from the first draft. Ensure it's formatted with sections for an executive summary, objectives, and key milestones. Begin with an Executive Summary that captures the essence of the business concisely. Outline Business Objectives for clarity on short and long-term goals. Summarize the Market Strategy for competitive positioning. Detail the Revenue Model to explain financial viability. Provide an Operational Plan that outlines how the business will run. Include Financial Projections for a snapshot of fiscal expectations. Highlight Key Milestones for critical success points. This revised document should present a sharper, more focused business plan, ready for evaluation and implementation.",One Page Business Plan (draft 2),chat gpt,
44,Seed 1.3,Infrastructure,"Compose a document on Marketing KPIs, structured with headings for introduction, selection criteria, and tracking methods. Start with an Introduction to highlight KPIs' importance in gauging marketing success. Define KPI Selection Criteria to ensure alignment with objectives. Enumerate List of Key Marketing KPIs, providing details on measurement and relevance. Discuss Tracking and Reporting mechanisms for monitoring KPIs. Detail the Review and Adjustment Process for ongoing optimization based on KPI analysis. This document aims to establish a clear framework for measuring and refining marketing performance, designed for strategic alignment and continuous improvement.",Marketing KPIs,chat gpt,
45,Seed 1.4,Marketing,"Prepare a Campaign Schedule/Budget document, clearly formatted with sections for each campaign's overview, schedule, budget, and ROI projections. Begin with an Introduction to underscore the planning elements' significance. Provide a Campaign Overview that outlines objectives and audience. Detail the Schedule for timing and milestones. Break down the Budget with comprehensive cost allocations. Include ROI Projections for financial expectations. Finish with Monitoring and Adjustment strategies for responsive campaign management. This document should serve as a practical tool for executing marketing campaigns within defined timelines and budgets, aimed at maximizing efficiency and return on investment.",Campaign Schedule/Budget,chat gpt,
46,Seed 1.4,Marketing,"Develop a Content Strategy document, ensuring it's well-structured with sections for goals, audience profiling, and evaluation metrics. Begin with an Introduction to emphasize content strategy's role in marketing. Define Content Goals with clarity on expected outcomes. Describe the Target Audience to tailor content effectively. Establish Content Pillars to guide theme selection. Enumerate Content Types and Formats for variety and engagement. Detail Content Distribution Channels for strategic dissemination. Include a Content Calendar for planning publication dates. Conclude with Measurement and Evaluation methods for ongoing optimization. This document should serve as a comprehensive plan for creating and distributing content that resonates with the audience and supports business objectives.",Content Strategy,chat gpt,
47,Seed 1.4,Marketing,"Create an Email Strategy document, organized with headings for each key aspect, including marketing goals, audience segmentation, and performance analysis. Begin with an Introduction to highlight email marketing's significance. Outline Email Marketing Goals for clear campaign direction. Discuss Target Audience Segmentation for tailored messaging. Detail an Email Content Plan with information on types and focus of emails. Specify Scheduling and Frequency to balance engagement and subscriber comfort. Address Design and Branding for visual consistency. End with Measurement and Analysis for tracking success and guiding adjustments. This document should outline a strategic approach to email marketing, designed to engage the audience effectively and achieve marketing objectives.",Email Strategy,chat gpt,
48,Seed 1.4,Marketing,"Draft a document outlining the Best Marketing Channels, structured with sections for channel assessment, recommendations, and budget allocation. Start with an Introduction on the importance of channel selection. Conduct an Assessment of Available Channels to evaluate their effectiveness. List Recommended Channels with justifications for their suitability. Describe Channel Strategies to leverage each channel's strengths. Explain Integration Across Channels for a cohesive marketing effort. Detail Budget Allocation to guide financial planning. Conclude with Measurement and Optimization for performance tracking and improvement. This document aims to identify and strategize the use of the most effective marketing channels for reaching and engaging the target audience.",Best Marketing Channels,chat gpt,
49,Seed 1.4,Marketing,"Compile a Marketing Plan document, formatted with distinct sections for an executive summary, objectives, and evaluation. Begin with an Executive Summary that encapsulates the plan's essence. Provide a Situation Analysis for context. Set Marketing Objectives with specific targets. Describe the Target Market for precision in messaging. Detail Marketing Strategies and Tactics across the marketing mix. Outline a Budget for financial guidance. Include an Implementation Timeline for strategic rollout. Conclude with Measurement and Evaluation for assessing success and guiding iterative improvements. This document should serve as a strategic blueprint for achieving marketing goals, designed for clarity, comprehensiveness, and impact.",Marketing Plan,chat gpt,
50,Seed 1.4,Marketing,"Create a document detailing the Company History/Story, with sections for the founding story, milestones, and future aspirations. Start with an Introduction on the importance of the company's history. Narrate the Founding Story, highlighting vision and early challenges. List key Milestones in the company’s journey. Discuss Challenges and Successes, showcasing resilience and achievement. Reflect on Company Culture and Values influenced by the history. Conclude with The Future, expressing forward-looking goals. This document should engage and inspire by connecting the company’s past achievements with its future potential, presented in a compelling and narrative-driven format.",Company History/Story,chat gpt,
51,Seed 1.4,Marketing,"Craft a Sales Team Structure document, formatted with sections for current composition, proposed changes, and performance measurement. Begin with an Introduction emphasizing the structure's impact on sales success. Provide an Overview of the Current Sales Team Composition, detailing roles and responsibilities. Discuss Proposed Changes to enhance team efficiency. Detail Role Descriptions to clarify expectations. Incorporate Training and Development programs for team skill enhancement. Define Performance Measurement standards for accountability. Conclude with an Implementation Plan for executing structural changes. This document should serve as a comprehensive guide for optimizing the sales team structure to meet evolving business and market needs.",Sales Team Structure,chat gpt,
52,Seed 1.4,Marketing,"Develop a Customer Experience Strategy document, ensuring a structured format with sections for customer journey mapping, goals, and measurement. Start with an Introduction to underscore customer experience's role in business success. Conduct Customer Journey Mapping to identify engagement opportunities. Set clear Customer Experience Goals. List Improvement Initiatives for enhancing interactions. Describe Technology and Tools supporting the strategy. Highlight Training and Development for staff empowerment. Conclude with Measurement and Feedback methods for ongoing refinement. This document aims to outline a strategic approach to elevating the customer experience, designed for impactful customer relationships and loyalty.",Customer Experience,chat gpt,
53,Seed 1.4,Marketing,"Compile a Sales Strategy Resources document, structured with headings for inventory, gaps, and implementation. Begin with an Introduction highlighting the importance of resources in sales success. Create a Resource Inventory to catalog current tools and materials. Identify Resource Gaps that may impede strategy execution. Detail Required Resources to address these gaps. Outline an Acquisition Plan for obtaining necessary resources. Discuss Implementation and Training for effective resource integration. Finish with Measurement and Adjustment for continuous improvement. This document should provide a clear plan for optimizing resource allocation to support the sales strategy, designed for actionable insights and team enablement.",Sales Strategy Resources,chat gpt,
54,Seed 1.4,Infrastructure,"Create a Business Positioning document, organized with sections for current market position, strategy, and evaluation. Start with an Introduction to discuss positioning's importance. Analyze the Current Market Position for context. Define the Target Market for clarity on customer focus. Develop a Positioning Strategy to enhance market standing. Articulate the Unique Selling Proposition (USP) to distinguish the business. Propose an Implementation Plan for strategic execution. Conclude with Measurement and Evaluation for strategy success assessment. This document should outline a comprehensive approach to refining the business’s market position, designed for competitive advantage and customer engagement.",Business Positioning,chat gpt,
55,Seed 1.4,Marketing,"Draft a final Competitive Analysis document, formatted with sections for competitor profiles, strategic recommendations, and an action plan. Begin with an Introduction to highlight the analysis's strategic importance. Describe the Methodology for comprehensive competitor evaluation. Present detailed Competitor Profiles for insights into market dynamics. Analyze Market Trends and Opportunities for potential advantages. Offer Strategic Recommendations for competitive positioning. Detail an Action Plan for implementing strategies. Conclude with Monitoring and Review for adaptive competitive strategy. This document aims to provide a thorough analysis of the competitive landscape, designed for strategic agility and market responsiveness.",Competitive Analysis (final),chat gpt,
56,Seed 1.4,Marketing,"Create a document on New Marketing Opportunities, structured with sections on market trends, emerging channels, and evaluation plan. Begin with an Introduction to stress the significance of exploring new marketing avenues. Conduct a Market Trends Analysis to identify growth opportunities. Highlight Emerging Channels for untapped potential. Discuss Technological Advancements that can be leveraged for marketing. Consider Partnership Opportunities for collaborative ventures. Outline Implementation Considerations for strategic planning. Conclude with an Evaluation Plan for measuring the impact of these initiatives. This document aims to guide the exploration and adoption of new marketing opportunities, designed for strategic expansion and innovation.",New Marketing Opportunities,chat gpt,
57,Seed 1.4,Marketing,"Draft a Marketing Strategy - Overview document, organized with sections for strategic objectives, budget, and success metrics. Begin with an Introduction outlining the strategy's alignment with business goals. Summarize Market Analysis for contextual background. Define the Target Market for focused efforts. List Strategic Objectives to guide marketing direction. Present an Overview of Key Marketing Initiatives for achieving objectives. Provide a Budget Overview to ensure financial planning. Detail Success Metrics for evaluating strategy effectiveness. This document should serve as a concise blueprint of the marketing strategy, designed for clarity, alignment, and measurable outcomes.",Marketing Strategy - Overview,chat gpt,
58,Seed 1.4,Marketing,"Compose a Sales Team Action Plan document, formatted with headings for objectives, strategies, and performance metrics. Begin with an Introduction to contextualize the plan’s importance. Specify Sales Objectives with measurable targets. Outline Key Strategies for achieving these objectives. Assign Roles and Responsibilities to ensure team clarity. Highlight Training and Resources needed for team proficiency. Detail a Timeline for strategic execution. Define Performance Metrics for monitoring success. This document aims to provide a structured roadmap for the sales team, designed for targeted action, accountability, and measurable success.",Sales Team Action Plan,chat gpt,
59,Seed 1.4,Marketing,"Develop a Sales Targets document, structured with sections for annual targets, individual/team targets, and adjustment strategies. Start with an Introduction to emphasize targets' role in motivating performance. Detail Annual Sales Targets with breakdowns by time periods. Specify Individual and Team Targets for focused accountability. List Key Product/Service Targets to direct sales efforts. Describe Incentives and Rewards for motivation. Explain Tracking and Reporting procedures for performance assessment. Conclude with Adjustment Strategies for flexibility in goal-setting. This document should serve as a comprehensive guide for setting and managing sales targets, designed for clarity, motivation, and adaptability.",Sales Targets,chat gpt,
60,Seed 1.4,Finance,"Create a document detailing the Projected Sales Initiative Budget, with sections for budget overview, ROI projections, and monitoring. Begin with an Introduction to outline the budget’s importance. Provide a Budget Overview for a high-level financial perspective. Break down Initiative-specific Budgets with detailed allocations. Estimate ROI Projections for financial justification. Describe the Budget Adjustment Process for fiscal management. Detail Monitoring and Reporting mechanisms for financial oversight. This document aims to ensure strategic allocation and management of resources for sales initiatives, designed for financial accountability and strategic alignment.",Projected Sales Initiative Budget,chat gpt,
61,Seed 1.4,Finance,"Draft a Sales Plan document, structured with clear headings for each critical component, including sales objectives, strategies, and performance metrics. Begin with an Introduction to outline the plan's strategic importance. Define Sales Objectives with specific targets. Analyze Target Market and Customer Segmentation for precision in sales efforts. Describe Sales Strategies and Tactics to be implemented. Detail the Team Structure and Roles for operational clarity. List Tools and Resources needed for execution. Specify Performance Metrics and KPIs for success measurement. Provide a Budget for financial planning. Conclude with a Review and Adjustment Process for ongoing optimization. This document should serve as a comprehensive guide to executing the sales strategy, designed for accountability, effectiveness, and adaptability.",Sales Plan,chat gpt,
62,Seed 1.4,Marketing,"Create a Sales Funnel Strategy/Map document, organized with headings for funnel stages, target audience, and optimization. Begin with an Introduction to highlight the funnel's strategic value. Detail Funnel Stages with objectives and activities. Define the Target Audience at Each Stage for targeted engagement. Outline Conversion Strategies for effective progression through the funnel. Describe Tools and Technologies supporting the strategy. Establish Performance Measurement criteria for funnel efficiency. Conclude with Optimization and Testing methods for continual improvement. This document aims to provide a strategic framework for managing and optimizing the sales funnel, designed for conversion enhancement and customer journey clarity.",Sales Funnel Strategy/Map,chat gpt,
63,Seed 1.4,Marketing,"Draft a document outlining Sales Funnel Assets, with distinct sections for ToFu, MoFu, BoFu assets, and their management. Begin with an Introduction to the concept of funnel assets. Categorize assets into Top of Funnel (ToFu) Assets for awareness, Middle of Funnel (MoFu) Assets for engagement, and Bottom of Funnel (BoFu) Assets for conversion. Discuss Asset Management and Distribution to ensure effective use. Implement Measurement and Optimization for continual performance improvement. This document aims to detail the critical assets required at each sales funnel stage, designed for strategic engagement and conversion optimization.",Sales Funnel Assets,chat gpt,
64,Seed 1.4,Marketing,"Create a final version of a One-Page Business Plan, incorporating concise sections for business overview, market analysis, and financial summary. Begin with an engaging Introduction to capture the essence of the business. Provide a clear Business Overview, including the mission and vision. Summarize the Products and Services offered. Conduct a brief Market Analysis for competitive positioning. Outline a strategic Marketing and Sales Strategy. Describe the Operations Plan for efficiency. Offer a succinct Financial Summary and Goals and Milestones for future growth. Conclude with a persuasive Conclusion that highlights the business's value and potential. This document aims to present a comprehensive yet concise business plan, designed for easy understanding and impactful presentation.",One Page Business Plan (final),chat gpt,System.io/Groove.ai
65,Seed 1.4,Infrastructure,"Produce a Go-To-Market Strategy document, formatted with sections for market analysis, product offering, and launch plan. Begin with an Introduction to define the strategy's purpose. Conduct a Market Analysis for strategic insight. Detail the Product/Service Offering and its market fit. Articulate a compelling Value Proposition. Choose Sales and Distribution Channels for market penetration. Plan Marketing and Promotion activities for visibility. Set a Pricing Strategy to match market expectations. Outline a Launch Plan with key milestones. Establish Success Metrics for evaluating effectiveness. This document should serve as a comprehensive blueprint for introducing products or services to the market, designed for impact, clarity, and measurable success.",Go-To-Market Strategy,chat gpt,
66,Seed 1.5,Management,"Develop a document focusing on an Initial Launch - Single Buyer Persona, with detailed sections on buyer persona profile, product alignment, and launch activities. Start with an Introduction explaining the focus on a single persona. Create a Buyer Persona Profile for targeted marketing. Show Product/Service Alignment to meet persona needs. Determine Marketing Message and Channels for effective communication. Design a Sales Strategy for this persona. Plan specific Launch Activities aimed at engagement. Conclude with Measurement and Feedback for launch evaluation. This document aims to provide a targeted approach for a product launch, ensuring precision in messaging and strategy for maximum impact.",Initial Launch - Single Buyer Persona,chat gpt,
67,Seed 1.5,Marketing,"Draft a final Market Research document, structured with sections for methodology, key findings, and recommendations. Start with an Introduction to establish the research's goals. Describe the Research Methodology used for comprehensive analysis. Highlight Key Findings with implications for the business. Segment the market with detailed Market Segmentation. Provide Customer Insights for targeted strategy development. Offer Recommendations for actionable strategies. Conclude with an Action Plan for implementation. This document aims to deliver strategic insights from market research, designed for informed decision-making and strategic planning.",Market Research (final),chat gpt,
68,Seed 1.5,Marketing,"Create an Organic Marketing Strategy document, with detailed sections for content marketing, SEO, and performance measurement. Begin with an Introduction highlighting organic marketing's role. Develop a Content Marketing plan for audience engagement. Outline an SEO Strategy for enhanced online visibility. Plan Social Media Engagement tactics for brand interaction. Implement Email Marketing for lead nurturing. Describe Influencer Collaborations for authentic reach. Conclude with Performance Measurement for strategic evaluation. This document aims to outline a comprehensive approach to organic marketing, designed for sustainable growth and brand loyalty.",Organic Marketing,chat gpt,
69,Seed 1.5,Marketing,"Draft a Media Outlet Strategy document, formatted with sections for target media outlets, outreach strategy, and monitoring. Start with an Introduction explaining the strategy's significance. List Target Media Outlets for focused engagement. Develop an Outreach Strategy for effective communication. Prepare a Content Plan tailored for media collaboration. Include Monitoring and Evaluation for strategic insights. Address Crisis Management for proactive issue resolution. This document should serve as a roadmap for leveraging media outlets to enhance brand visibility and credibility, designed for strategic communication and brand enhancement.",Media Outlet Strategy,chat gpt,
70,Seed 1.5,Marketing,"Create a 5 Channels Strategy document, organized with clear sections for channel selection, detailed strategies, and performance tracking. Begin with an Introduction to the strategy's rationale. Establish Channel Selection Criteria for informed decision-making. Detail Detailed Channel Strategies for each chosen channel, outlining comprehensive plans. Discuss Integration and Synergy for cohesive marketing efforts. Outline Budget Allocation for efficient resource distribution. Conclude with Performance Tracking and Optimization for adaptive strategy refinement. This document aims to guide the focused use of five key channels for marketing and sales, designed for strategic impact and efficiency.",5 Channels,chat gpt,
71,Seed 1.5,Marketing,"Draft a Social Media Marketing Plan document, structured with sections for platform strategy, content calendar, and measurement. Begin with an Introduction to highlight the plan's purpose. Outline Social Media Goals for clear objectives. Detail the Target Audience for tailored engagement. Describe the Platform Strategy for each selected platform. Include a Content Calendar for planning posts. Develop an Engagement Strategy for audience interaction. Plan Promotional Campaigns for increased visibility. Conclude with Measurement and Analysis for performance evaluation. This document aims to provide a comprehensive approach to social media marketing, designed for strategic engagement and measurable success.",Social Media Marketing Plan,chat gpt,
72,Seed 1.5,Marketing,"Create a Marketing Funnel Strategy/Map document, organized with detailed stages, content tactics, and optimization plan. Start with an Introduction explaining the funnel's significance. Detail Funnel Stages Description for a clear journey overview. Define Target Actions at Each Stage for audience guidance. Describe Content and Tactics tailored for each funnel stage. List Tools and Technologies supporting the strategy. Establish Performance Measurement for tracking success. Conclude with an Optimization Plan for iterative improvements. This document aims to outline a strategic approach to navigating the marketing funnel, designed for effective audience progression and measurable outcomes.",Marketing Funnel Strategy/Map,chat gpt,
73,Seed 1.5,Marketing,"Draft a Marketing Assets document, formatted with sections for asset types, management, and performance tracking. Begin with an Introduction to emphasize asset importance. Categorize Asset Types by their marketing funnel application. Outline Asset Management strategies for efficient use. Describe the Content Creation Process for developing new assets. Implement Usage Guidelines to maintain brand consistency. Establish Performance Tracking for effectiveness assessment. Conclude with a Review and Update Cycle for ongoing asset optimization. This document aims to provide a comprehensive framework for managing marketing assets, designed for strategic utilization and continuous improvement.",Marketing Assets,chat gpt,
74,Seed 1.5,Marketing,"Create a Lead Magnet document, structured with sections for objectives, target audience, and promotion strategy. Begin with an Introduction to explain the lead magnet's role. Define Lead Magnet Objectives for clear aims. Identify the Target Audience for precision targeting. Generate a list of Lead Magnet Ideas tailored for audience appeal. Outline the Creation and Delivery process for efficient production. Develop a Promotion Strategy for maximum exposure. Conclude with Measurement and Optimization for effectiveness assessment. This document aims to guide the development and use of lead magnets, designed for lead generation efficiency and strategic alignment.",Lead Magnet,chat gpt,
75,Seed 1.5,Marketing,"Produce a Nurture Sequence document, structured with sections for audience segmentation, content plan, and measurement. Begin with an Introduction to highlight the nurture sequence's strategic value. Define Nurture Sequence Objectives for targeted outcomes. Detail Audience Segmentation for personalized communication. Develop a comprehensive Content Plan for each email stage. Establish Timing and Frequency to balance engagement and outreach. Describe Technology and Tools supporting automation. Conclude with Measurement and Adjustment for ongoing optimization. This document aims to outline an effective nurture sequence strategy, designed for lead engagement and conversion enhancement.",Nurture Sequence,chat gpt,
76,Seed 1.5,Marketing,"Create a Social Media Posts (30-days) document, with detailed sections for content themes, calendar, and engagement strategy. Start with an Introduction explaining the 30-day posting plan's purpose. Outline Content Themes to ensure variety. Develop a Content Calendar for daily planning. Describe Post Types for platform-specific strategies. Detail an Engagement Strategy for interactive communication. Include Promotional Posts for marketing objectives. Conclude with Measurement and Review for performance analysis. This document aims to guide a comprehensive 30-day social media strategy, designed for consistent engagement and brand visibility.",Social Media Posts (90-days),chat gpt,
77,Seed 1.5,Marketing,"Create a comprehensive ""30-Day Content Calendar"" document that lays out a strategic blueprint for daily social media engagement. The document should start with an introduction highlighting the crucial role of proactive content planning. Follow with a content strategy overview detailing goals, target audience, and key messaging. Include a section on calendar details, providing a date, content type, theme/topic, platform, and a succinct draft post for each day, ensuring a rich mix of content types. Assign clear roles and responsibilities for content management, integrate the calendar with other marketing initiatives for cohesive messaging, and outline a process for monitoring content performance and making strategy adjustments. Conclude with a summary of the calendar's strategic value. This document should serve as a detailed guide for creating and managing engaging content, aligned with broader marketing objectives.",Content Calendar (90 day),chat gpt,
78,Seed 1.5,Marketing,"Produce a Launch Goals document, organized with sections for primary goals, target audience, and measurement. Start with an Introduction to emphasize goal-setting's role in launch planning. List Primary Launch Goals with specific objectives. Detail Secondary Goals for comprehensive strategy development. Define the Target Audience for focused efforts. Describe Strategies and Tactics for goal achievement. Include a Milestone Timeline for critical tracking. Conclude with Measurement and Evaluation for success analysis. This document aims to outline specific goals for a product launch, designed for strategic focus, milestone achievement, and measurable outcomes.",Launch Goals,chat gpt,
79,Seed 1.5,Marketing,"Draft a Post-launch Nurturing Campaign document, with sections for campaign objectives, content strategy, and feedback loop. Begin with an Introduction to outline the campaign's purpose. Set clear Campaign Objectives for post-launch engagement. Define the Target Audience for personalized communication. Choose Communication Channels for effective outreach. Develop a Content Strategy to educate and engage users. Implement Engagement Tactics to boost product interaction. Establish a Feedback Loop for continuous improvement. Conclude with Measurement and Optimization for campaign refinement. This document aims to guide the development of a nurturing campaign following a product launch, designed for sustained engagement and actionable feedback.",Post-launch Nurturing Campaign,chat gpt,
80,Seed 1.5,Marketing,"Create a final Minimum Viable Product (MVP) document, structured with sections for feature set, launch strategy, and feedback collection. Start with an Introduction to explain the MVP's strategic role. Define MVP Objectives for targeted testing. Detail the Feature Set focusing on core functionality. Identify the Target Audience for precise outreach. Plan the Launch Strategy for effective market entry. Describe Feedback Collection and Analysis for iterative development. Conclude with Next Steps based on feedback outcomes. This document aims to outline the MVP's development and launch process, designed for product validation and early user engagement.",Minimum Viable Product (final),chat gpt,
81,Seed 1.5,Marketing,"Develop a Launch Plan document, incorporating detailed sections for objectives, marketing strategy, and launch timeline. Begin with an engaging Introduction to set the stage for the launch. Define Objectives with specific goals. Provide a Product/Service Overview to communicate value. Outline a comprehensive Marketing and Promotion Strategy. Describe the Sales Strategy for market entry. Ensure Operational Readiness for a smooth launch. Detail the Launch Timeline for clear execution. Establish Measurement and Evaluation metrics for success assessment. Conclude with a strong Conclusion that reaffirms the launch's importance and the product's future potential. This document aims to outline a strategic approach for a successful market launch, designed for maximum impact and sustainability.",Launch Plan,chat gpt,
82,Seed 1.5,Management,"Produce a Business Operating Model document, with detailed sections for core operations, revenue streams, and technology systems. Begin with an Introduction to articulate the model's purpose. Provide an Overview of Core Operations for operational clarity. Describe the Value Chain to highlight value-adding activities. Analyze Revenue Streams for financial insight. Detail the Cost Structure for expense management. List Key Resources and Partnerships for strategic collaboration. Discuss Technology and Systems supporting operations. Address Operational Challenges and Solutions for problem-solving. This document aims to outline the comprehensive operating model of the business, designed for efficiency, scalability, and value creation.",Business Operating Model,chat gpt,
83,Seed 1.5,Infrastructure,"Draft a Strategic Team document, structured with sections for team composition, objectives, and performance measurement. Begin with an Introduction to establish the team's purpose. Detail Team Composition with member roles and expertise. Define Objectives and Goals for strategic alignment. Establish Operating Principles for team functionality. Outline Key Initiatives for focus areas. Discuss Collaboration and Communication for effective operations. Set Performance Measurement standards for accountability. Include a Review and Adaptation process for continuous improvement. This document aims to provide a comprehensive framework for the strategic team’s operation, designed for impactful execution and adaptive strategy.",Strategic Team,chat gpt,
84,Seed 1.5,Infrastructure,"Create a Pitch Deck document utilizing the structured insights from our previous discussions. Format the sections for problem statement, market analysis, and financial projections. Begin with an Introduction to the company and pitch purpose. Present a clear Problem Statement. Describe the Solution and its unique value. Conduct a Market Analysis for market insights. Explain the Business Model for revenue generation. Detail the Competitive Analysis for market positioning. Outline the Marketing and Sales Strategy for growth plans. Provide Financial Projections for fiscal outlook. Highlight the Team and their contributions. Specify the Funding Request with requirements. Conclude with a final appeal in the Conclusion. This document aims to serve as a compelling presentation to potential investors, designed for clarity, persuasion, and strategic insight.",Pitch Deck,chat gpt,
85,Seed 1.5,Marketing,"Produce a document outlining Website Landing Pages, structured with sections for objectives, content/design elements, and performance tracking. Begin with an Introduction to emphasize landing pages' strategic importance. Define Objective of Each Page for specific aims. Identify the Target Audience for tailored content. Describe Content and Design Elements for visitor engagement. Implement an SEO Strategy for visibility. Focus on Conversion Optimization for higher conversion rates. Establish Performance Tracking for measuring success. Conclude with a Review and Iteration Process for ongoing improvement. This document aims to guide the development and optimization of landing pages, designed for effective conversion and user engagement.",Website Landing Pages,chat gpt,
86,Seed 1.5,Marketing,"Draft a Single Launch Channel document, with sections for channel selection, strategy, and measurement. Begin with an Introduction to explain the focus on one channel. Detail the Channel Selection process for strategic alignment. Develop a Channel Strategy for impactful launch execution. Plan Target Audience Engagement for effective communication. Describe Supporting Activities to augment the launch. Establish Measurement and Analysis for success evaluation. Conclude with Adjustments and Optimization for continual improvement. This document aims to provide a focused approach to product launching, designed for concentrated impact and strategic depth.",Single Launch Channel,chat gpt,
87,Seed 1.5,Infrastructure,"Utilizing the structured insights from our previous discussions create a Comprehensive Business Plan document, formatted with sections for market analysis, operations plan, and financial projections. Begin with an Executive Summary for a high-level overview. Provide a Business Description to outline the concept and value. Conduct a Market Analysis for strategic insight. Detail a Marketing Strategy for market engagement. Describe the Operations Plan for business functionality. Highlight the Management Team for operational leadership. Offer a Financial Plan for fiscal outlook. Include a Risk Analysis for contingency planning. Add Appendices for supplementary information. This document aims to present a detailed blueprint for business development and management, designed for thorough planning and strategic execution.",Comprehensive Business Plan,chat gpt,
88,Seed 1.5,Infrastructure,"Draft a Growth Strategy Map document, structured with sections for market expansion, operational efficiency, and financial management. Begin with an Introduction to emphasize strategic growth planning. Outline Market Expansion strategies for new opportunities. Describe Customer Acquisition tactics for expanding the customer base. Detail Product Development plans for innovation. Focus on Operational Efficiency for process improvement. Highlight Human Resources strategies for team development. Discuss Financial Management for fiscal sustainability. Conclude with Measurement and KPIs for performance tracking. This document aims to provide a comprehensive roadmap for business growth, designed for strategic execution and scalability.",Growth Strategy Map,chat gpt,